term,page,entry,agency
se,34,23,linkedin
se,33,20,linkedin
se,33,11,linkedin
se,32,21,linkedin
se,32,4,linkedin
se,30,25,linkedin
se,30,23,linkedin
se,30,15,linkedin
se,30,8,linkedin
se,29,2,linkedin
se,28,13,linkedin
se,27,5,linkedin
se,26,5,linkedin
se,22,19,linkedin
se,18,25,linkedin
se,18,13,linkedin
se,16,11,linkedin
se,14,18,linkedin
se,14,12,linkedin
se,14,9,linkedin
se,13,10,linkedin
se,12,21,linkedin
se,12,3,linkedin
se,9,22,linkedin
se,7,1,linkedin
se,5,6,linkedin
se,3,20,linkedin
se,3,14,linkedin
se,3,4,linkedin
se,2,22,linkedin
se,1,19,linkedin
se,1,12,linkedin
dev,36,17,linkedin
dev,35,12,linkedin
dev,35,7,linkedin
dev,33,18,linkedin
dev,31,13,linkedin
dev,31,12,linkedin
dev,30,15,linkedin
dev,29,24,linkedin
dev,27,11,linkedin
dev,27,2,linkedin
dev,26,25,linkedin
dev,25,25,linkedin
dev,21,3,linkedin
dev,20,16,linkedin
dev,18,9,linkedin
dev,16,6,linkedin
dev,15,23,linkedin
dev,15,12,linkedin
dev,13,20,linkedin
dev,12,21,linkedin
dev,11,14,linkedin
dev,10,17,linkedin
dev,10,14,linkedin
dev,8,4,linkedin
dev,7,22,linkedin
dev,7,16,linkedin
dev,6,23,linkedin
dev,4,15,linkedin
dev,4,13,linkedin
dev,3,4,linkedin
dev,2,7,linkedin
dev,2,3,linkedin
pro,2,3,linkedin
pro,1,7,linkedin
de,7,13,linkedin
de,6,23,linkedin
de,6,9,linkedin
de,6,6,linkedin
de,5,7,linkedin
de,4,12,linkedin
de,1,21,linkedin
da,6,8,linkedin
da,5,16,linkedin
da,3,21,linkedin
da,3,5,linkedin
da,3,4,linkedin
da,2,18,linkedin
ds,8,13,linkedin
ds,6,12,linkedin
ds,5,19,linkedin
ds,3,13,linkedin
ds,1,13,linkedin
ds,1,11,linkedin
ds,1,7,linkedin
se,16,13,jobstreet
se,15,26,jobstreet
se,15,8,jobstreet
se,12,23,jobstreet
se,12,15,jobstreet
se,12,12,jobstreet
se,9,25,jobstreet
se,9,17,jobstreet
se,9,7,jobstreet
se,7,24,jobstreet
se,6,32,jobstreet
se,6,26,jobstreet
se,6,25,jobstreet
se,6,14,jobstreet
se,6,12,jobstreet
se,6,8,jobstreet
se,5,32,jobstreet
se,3,22,jobstreet
se,3,18,jobstreet
se,2,24,jobstreet
dev,25,6,jobstreet
dev,25,1,jobstreet
dev,24,23,jobstreet
dev,23,27,jobstreet
dev,23,25,jobstreet
dev,23,13,jobstreet
dev,22,32,jobstreet
dev,22,18,jobstreet
dev,22,2,jobstreet
dev,21,20,jobstreet
dev,20,24,jobstreet
dev,19,28,jobstreet
dev,18,12,jobstreet
dev,17,9,jobstreet
dev,17,6,jobstreet
dev,15,13,jobstreet
dev,14,11,jobstreet
dev,13,15,jobstreet
dev,11,13,jobstreet
dev,10,26,jobstreet
dev,9,26,jobstreet
dev,9,19,jobstreet
dev,8,14,jobstreet
dev,8,9,jobstreet
dev,6,26,jobstreet
dev,6,21,jobstreet
dev,4,18,jobstreet
dev,3,15,jobstreet
dev,3,1,jobstreet
dev,2,11,jobstreet
dev,2,10,jobstreet
dev,1,24,jobstreet
pro,3,6,jobstreet
pro,2,28,jobstreet
pro,2,24,jobstreet
pro,1,23,jobstreet
de,4,22,jobstreet
de,2,19,jobstreet
de,1,28,jobstreet
de,1,22,jobstreet
de,1,9,jobstreet
da,5,28,jobstreet
da,4,31,jobstreet
da,4,8,jobstreet
da,2,18,jobstreet
da,1,16,jobstreet
da,1,6,jobstreet
ds,4,10,jobstreet
ds,4,2,jobstreet
ds,3,20,jobstreet
ds,2,26,jobstreet
ds,1,6,jobstreet
se,40,26,glassdoor
se,40,14,glassdoor
se,39,22,glassdoor
se,38,21,glassdoor
se,37,1,glassdoor
se,36,16,glassdoor
se,36,7,glassdoor
se,36,3,glassdoor
se,33,20,glassdoor
se,32,16,glassdoor
se,31,9,glassdoor
se,31,4,glassdoor
se,30,25,glassdoor
se,29,4,glassdoor
se,27,24,glassdoor
se,26,5,glassdoor
se,25,28,glassdoor
se,24,1,glassdoor
se,23,29,glassdoor
se,22,25,glassdoor
se,22,10,glassdoor
se,21,12,glassdoor
se,21,4,glassdoor
se,20,14,glassdoor
se,19,17,glassdoor
se,19,2,glassdoor
se,17,10,glassdoor
se,17,6,glassdoor
se,17,2,glassdoor
se,16,30,glassdoor
se,13,24,glassdoor
se,11,30,glassdoor
se,10,2,glassdoor
se,9,22,glassdoor
se,8,23,glassdoor
se,8,8,glassdoor
se,5,19,glassdoor
se,4,3,glassdoor
se,3,25,glassdoor
se,3,16,glassdoor
se,2,6,glassdoor
se,2,5,glassdoor
dev,71,8,glassdoor
dev,69,19,glassdoor
dev,69,16,glassdoor
dev,69,14,glassdoor
dev,67,21,glassdoor
dev,67,17,glassdoor
dev,66,22,glassdoor
dev,66,6,glassdoor
dev,65,1,glassdoor
dev,64,15,glassdoor
dev,64,2,glassdoor
dev,64,1,glassdoor
dev,63,27,glassdoor
dev,63,22,glassdoor
dev,61,6,glassdoor
dev,60,13,glassdoor
dev,60,7,glassdoor
dev,58,3,glassdoor
dev,55,1,glassdoor
dev,54,30,glassdoor
dev,54,4,glassdoor
dev,52,30,glassdoor
dev,51,25,glassdoor
dev,51,21,glassdoor
dev,51,20,glassdoor
dev,50,22,glassdoor
dev,49,13,glassdoor
dev,48,19,glassdoor
dev,47,10,glassdoor
dev,46,30,glassdoor
dev,46,25,glassdoor
dev,45,16,glassdoor
dev,44,24,glassdoor
dev,44,23,glassdoor
dev,40,2,glassdoor
dev,39,22,glassdoor
dev,39,12,glassdoor
dev,39,2,glassdoor
dev,38,17,glassdoor
dev,38,16,glassdoor
dev,38,4,glassdoor
dev,36,8,glassdoor
dev,35,14,glassdoor
dev,35,6,glassdoor
dev,34,3,glassdoor
dev,33,18,glassdoor
dev,32,4,glassdoor
dev,30,19,glassdoor
dev,28,21,glassdoor
dev,27,7,glassdoor
dev,25,6,glassdoor
dev,22,27,glassdoor
dev,22,22,glassdoor
dev,22,20,glassdoor
dev,21,26,glassdoor
dev,20,10,glassdoor
dev,20,4,glassdoor
dev,17,16,glassdoor
dev,17,12,glassdoor
dev,16,24,glassdoor
dev,15,11,glassdoor
dev,14,19,glassdoor
dev,14,18,glassdoor
dev,13,4,glassdoor
dev,12,21,glassdoor
dev,7,16,glassdoor
dev,7,4,glassdoor
dev,6,1,glassdoor
dev,4,30,glassdoor
dev,4,29,glassdoor
dev,2,26,glassdoor
dev,2,10,glassdoor
dev,1,18,glassdoor
pro,8,12,glassdoor
pro,8,1,glassdoor
pro,7,30,glassdoor
pro,7,25,glassdoor
pro,5,27,glassdoor
pro,5,19,glassdoor
pro,5,11,glassdoor
pro,3,13,glassdoor
pro,2,18,glassdoor
de,7,26,glassdoor
de,6,25,glassdoor
de,5,28,glassdoor
de,5,1,glassdoor
de,3,30,glassdoor
de,2,30,glassdoor
de,2,24,glassdoor
de,2,11,glassdoor
de,1,21,glassdoor
da,7,30,glassdoor
da,7,6,glassdoor
da,6,30,glassdoor
da,4,9,glassdoor
da,3,13,glassdoor
da,2,29,glassdoor
da,2,12,glassdoor
da,2,4,glassdoor
da,2,3,glassdoor
ds,8,4,glassdoor
ds,7,8,glassdoor
ds,6,21,glassdoor
ds,6,19,glassdoor
ds,5,13,glassdoor
ds,3,12,glassdoor
ds,2,5,glassdoor
ds,1,5,glassdoor
